Lat_Start,Lon_Start,Coordinate Pair,Lat_End,Lon_End,Lat_Start_Rad,Lon_Start_Rad,Lat_End_Rad,Lon_End_Rad,Distance_Km,RT_Km,Distance_Miles,RT_Miles,Trip,RowCount
67.65258,24.94623,,67.65333,24.94623,1.180760268,0.435393849,1.180773358,0.435393849,0.083396215,2951.27467,0.051823201,1833.950152,29594,1
67.65333,24.94587,,67.66188,24.94587,1.180773358,0.435387566,1.180922584,0.435387566,0.95071662,2952.225386,0.590784351,1834.540936,29595,2
67.66188,24.94424,,67.66257,24.94424,1.180922584,0.435359117,1.180934627,0.435359117,0.076724462,2952.302111,0.04767731,1834.588613,29596,3
67.66257,24.94359,,67.66675,24.94359,1.180934627,0.435347773,1.181007582,0.435347773,0.464794784,2952.766905,0.2888279,1834.877441,29597,4
67.66675,24.93417,,67.67316,24.93417,1.181007582,0.435183363,1.181119457,0.435183363,0.71275948,2953.479665,0.442915521,1835.320357,29598,5
67.67316,24.91592,,67.67438,24.91592,1.181119457,0.43486484,1.18114075,0.43486484,0.135657824,2953.615323,0.084299062,1835.404656,29599,1
67.67438,24.91477,,67.67444,24.91477,1.18114075,0.434844769,1.181141797,0.434844769,0.00667254,2953.621995,0.00414638,1835.408802,29600,2
67.67444,24.91475,,67.67478,24.91475,1.181141797,0.43484442,1.181147732,0.43484442,0.037806187,2953.659802,0.023493124,1835.432295,29601,3
67.67478,24.91477,,67.67509,24.91477,1.181147732,0.434844769,1.181153142,0.434844769,0.034470404,2953.694272,0.021420237,1835.453716,29602,4
67.67509,24.91489,,67.6753,24.91489,1.181153142,0.434846863,1.181156807,0.434846863,0.023350803,2953.717623,0.014510411,1835.468226,29603,5
67.6753,24.91331,,67.67541,24.91331,1.181156807,0.434819287,1.181158727,0.434819287,0.012231558,2953.729854,0.007600806,1835.475827,29604,1
67.67541,24.91304,,67.67611,24.91304,1.181158727,0.434814575,1.181170944,0.434814575,0.077836466,2953.807691,0.04836832,1835.524195,29605,2
67.67611,24.91216,,67.67639,24.91216,1.181170944,0.434799216,1.181175831,0.434799216,0.031134436,2953.838825,0.019347235,1835.543542,29606,3
67.67639,24.91205,,67.67686,24.91205,1.181175831,0.434797296,1.181184034,0.434797296,0.052261688,2953.891087,0.03247591,1835.576018,29607,4
67.67686,24.912,,67.67711,24.912,1.181184034,0.434796423,1.181188398,0.434796423,0.027798702,2953.918886,0.017274378,1835.593293,29608,5
67.67711,24.91191,,67.67717,24.91191,1.181188398,0.434794852,1.181189445,0.434794852,0.006671865,2953.925557,0.00414596,1835.597439,29609,1
67.67717,24.91175,,67.67724,24.91175,1.181189445,0.43479206,1.181190667,0.43479206,0.007783537,2953.933341,0.004836764,1835.602275,29610,2
67.67724,24.91091,,67.67728,24.91091,1.181190667,0.434777399,1.181191365,0.434777399,0.004447797,2953.937789,0.002763904,1835.605039,29611,3
67.67728,24.91087,,67.67812,24.91087,1.181191365,0.434776701,1.181206026,0.434776701,0.093403742,2954.031193,0.058041974,1835.663081,29612,4
67.67812,24.91086,,67.67893,24.91086,1.181206026,0.434776527,1.181220163,0.434776527,0.090067885,2954.12126,0.05596904,1835.71905,29613,5
67.67893,24.91097,,67.67945,24.91097,1.181220163,0.434778446,1.181229238,0.434778446,0.057821364,2954.179082,0.035930746,1835.754981,29614,1
67.67945,24.91126,,67.67952,24.91126,1.181229238,0.434783508,1.18123046,0.434783508,0.007783537,2954.186865,0.004836764,1835.759818,29615,2
67.67952,24.91147,,67.67965,24.91147,1.18123046,0.434787173,1.181232729,0.434787173,0.014455438,2954.201321,0.008982747,1835.768801,29616,3
67.67965,24.91131,,67.67972,24.91131,1.181232729,0.43478438,1.181233951,0.43478438,0.007784116,2954.209105,0.004837123,1835.773638,29617,4
67.67972,24.91127,,67.6851,24.91127,1.181233951,0.434783682,1.18132785,0.434783682,0.598228707,2954.807334,0.371745009,1836.145383,29618,5
67.6851,24.91326,,67.68843,24.91326,1.18132785,0.434818414,1.181385969,0.434818414,0.370279099,2955.177613,0.230094954,1836.375478,29619,1
67.68843,24.91411,,67.6888,24.91411,1.181385969,0.43483325,1.181392427,0.43483325,0.041142159,2955.218755,0.025566129,1836.401044,29620,2
67.6888,24.91432,,67.68918,24.91432,1.181392427,0.434836915,1.181399059,0.434836915,0.0422541,2955.261009,0.0262571,1836.427301,29621,3
67.68918,24.91493,,67.68899,24.91493,1.181399059,0.434847561,1.181395743,0.434847561,0.021127104,2955.282136,0.013128583,1836.44043,29622,4
67.68899,24.91692,,67.68897,24.91692,1.181395743,0.434882293,1.181395394,0.434882293,0.00222643,2955.284362,0.001383525,1836.441813,29623,5
67.68897,24.9194,,67.68995,24.9194,1.181395394,0.434925578,1.181412498,0.434925578,0.108971042,2955.393333,0.067715642,1836.509529,29624,1
67.68995,24.92423,,67.69196,24.92423,1.181412498,0.435009877,1.181447579,0.435009877,0.223501807,2955.616835,0.138886149,1836.648415,29625,2
67.69196,24.92746,,67.6982,24.92746,1.181447579,0.435066251,1.181556488,0.435066251,0.693856342,2956.310692,0.431168931,1837.079584,29626,3
67.6982,24.94234,,67.69848,24.94234,1.181556488,0.435325956,1.181561375,0.435325956,0.031134581,2956.341826,0.019347325,1837.098931,29627,4
67.69848,24.94332,,67.69879,24.94332,1.181561375,0.43534306,1.181566785,0.43534306,0.034470404,2956.376297,0.021420237,1837.120351,29628,5
67.69879,24.94572,,67.69896,24.94572,1.181566785,0.435384948,1.181569752,0.435384948,0.018903094,2956.3952,0.011746562,1837.132098,29629,1
67.69896,24.95034,,67.69732,24.95034,1.181569752,0.435465582,1.181541129,0.435465582,0.182359686,2956.577559,0.113320044,1837.245418,29630,2
67.69732,24.95846,,67.69707,24.95846,1.181541129,0.435607303,1.181536765,0.435607303,0.027798702,2956.605358,0.017274378,1837.262692,29631,3
67.69707,24.9614,,67.69768,24.9614,1.181536765,0.435658616,1.181547412,0.435658616,0.067828862,2956.673187,0.0421495,1837.304842,29632,4
67.69768,24.96614,,67.69782,24.96614,1.181547412,0.435741345,1.181549855,0.435741345,0.015567073,2956.688754,0.009673527,1837.314515,29633,5
67.69782,24.96668,,67.70881,24.96668,1.181549855,0.435750769,1.181741667,0.435750769,1.222032241,2957.910786,0.759382458,1838.073898,29634,1
67.70881,24.98989,,67.71199,24.98989,1.181741667,0.43615586,1.181797169,0.43615586,0.353599858,2958.264386,0.219730315,1838.293628,29635,2
67.71199,24.99463,,67.71208,24.99463,1.181797169,0.436238589,1.181798739,0.436238589,0.01000791,2958.274394,0.00621901,1838.299847,29636,3
67.71208,24.99471,,67.71236,24.99471,1.181798739,0.436239985,1.181803626,0.436239985,0.031134725,2958.305529,0.019347414,1838.319195,29637,4
67.71236,24.99478,,67.71271,24.99478,1.181803626,0.436241207,1.181809735,0.436241207,0.038918262,2958.344447,0.024184178,1838.343379,29638,5
67.71271,24.99479,,67.71337,24.99479,1.181809735,0.436241381,1.181821254,0.436241381,0.07338867,2958.417836,0.045604417,1838.388983,29639,1
67.71337,24.99466,,67.71511,24.99466,1.181821254,0.436239112,1.181851623,0.436239112,0.193479162,2958.611315,0.120229792,1838.509213,29640,2
67.71511,24.99496,,67.71539,24.99496,1.181851623,0.436244348,1.18185651,0.436244348,0.031134581,2958.642449,0.019347325,1838.52856,29641,3
67.71539,24.99507,,67.71802,24.99507,1.18185651,0.436246268,1.181902412,0.436246268,0.292442665,2958.934892,0.181726654,1838.710287,29642,4
67.71802,24.99891,,67.72018,24.99891,1.181902412,0.436313289,1.181940111,0.436313289,0.24018105,2959.175073,0.149250789,1838.859538,29643,5
67.72018,25.00268,,67.72125,25.00268,1.181940111,0.436379088,1.181958786,0.436379088,0.118978588,2959.294052,0.073934426,1838.933472,29644,1
67.72125,25.00413,,67.72192,25.00413,1.181958786,0.436404395,1.18197048,0.436404395,0.074500562,2959.368552,0.046295358,1838.979767,29645,2
67.72192,25.0057,,67.72228,25.0057,1.18197048,0.436431797,1.181976763,0.436431797,0.040030175,2959.408582,0.024875132,1839.004643,29646,3
67.72228,25.00746,,67.72257,25.00746,1.181976763,0.436462515,1.181981824,0.436462515,0.032246713,2959.440829,0.020038414,1839.024681,29647,4
67.72257,25.01172,,67.72299,25.01172,1.181981824,0.436536866,1.181989155,0.436536866,0.046701895,2959.487531,0.029021002,1839.053702,29648,5
67.72299,25.01455,,67.7232,25.01455,1.181989155,0.436586258,1.18199282,0.436586258,0.023350996,2959.510882,0.014510531,1839.068213,29649,1
67.7232,25.02426,,67.72397,25.02426,1.18199282,0.43675573,1.182006259,0.43675573,0.085620113,2959.596502,0.053205153,1839.121418,29650,2
67.72397,25.02857,,67.72585,25.02857,1.182006259,0.436830954,1.182039071,0.436830954,0.20904647,2959.805549,0.129903465,1839.251321,29651,3
67.72585,25.03324,,67.72612,25.03324,1.182039071,0.43691246,1.182043784,0.43691246,0.030022678,2959.835571,0.018656378,1839.269978,29652,4
67.72612,25.03442,,67.72681,25.03442,1.182043784,0.436933055,1.182055826,0.436933055,0.076724462,2959.912296,0.04767731,1839.317655,29653,5
67.72681,25.04011,,67.72714,25.04011,1.182055826,0.437032365,1.182061586,0.437032365,0.036694427,2959.94899,0.022802266,1839.340457,29654,1
67.72714,25.04851,,67.72701,25.04851,1.182061586,0.437178972,1.182059317,0.437178972,0.014455438,2959.963446,0.008982747,1839.34944,29655,2
67.72701,25.04989,,67.72804,25.04989,1.182059317,0.437203058,1.182077294,0.437203058,0.114530732,2960.077976,0.071170486,1839.42061,29656,3
67.72804,25.05175,,67.72885,25.05175,1.182077294,0.437235521,1.182091431,0.437235521,0.090067835,2960.168044,0.055969009,1839.476579,29657,4
67.72885,25.05402,,67.72941,25.05402,1.182091431,0.43727514,1.182101205,0.43727514,0.062269161,2960.230313,0.038694649,1839.515274,29658,5
67.72941,25.05641,,67.72983,25.05641,1.182101205,0.437316853,1.182108535,0.437316853,0.046701895,2960.277015,0.029021002,1839.544295,29659,1
67.72983,25.05963,,67.73249,25.05963,1.182108535,0.437373053,1.182154961,0.437373053,0.295778504,2960.572794,0.183799576,1839.728095,29660,2
67.73249,25.09274,,67.7327,25.09274,1.182154961,0.437950931,1.182158626,0.437950931,0.023350803,2960.596145,0.014510411,1839.742605,29661,3
67.7327,25.09365,,67.73438,25.09365,1.182158626,0.437966814,1.182187948,0.437966814,0.186807484,2960.782952,0.116083947,1839.858689,29662,4
67.73438,25.09858,,67.73524,25.09858,1.182187948,0.438052859,1.182202958,0.438052859,0.095627652,2960.87858,0.059423933,1839.918113,29663,5
67.73524,25.10275,,67.73553,25.10275,1.182202958,0.438125639,1.182208019,0.438125639,0.032246574,2960.910826,0.020038328,1839.938151,29664,1
67.73553,25.10502,,67.73557,25.10502,1.182208019,0.438165258,1.182208717,0.438165258,0.00444881,2960.915275,0.002764533,1839.940916,29665,2
67.73557,25.10664,,67.73534,25.10664,1.182208717,0.438193532,1.182204703,0.438193532,0.025574801,2960.94085,0.015892425,1839.956808,29666,3
67.73534,25.10961,,67.73419,25.10961,1.182204703,0.438245368,1.182184632,0.438245368,0.127874146,2961.068724,0.079462211,1840.03627,29667,4
67.73419,25.11704,,67.7331,25.11704,1.182184632,0.438375046,1.182165608,0.438375046,0.121202486,2961.189927,0.075316378,1840.111587,29668,5
67.7331,25.12187,,67.7325,25.12187,1.182165608,0.438459346,1.182155136,0.438459346,0.066716958,2961.256644,0.041458553,1840.153045,29669,1
67.7325,25.12608,,67.73313,25.12608,1.182155136,0.438532824,1.182166131,0.438532824,0.070052794,2961.326696,0.043531473,1840.196577,29670,2
67.73313,25.13907,,67.7328,25.13907,1.182166131,0.438759542,1.182160372,0.438759542,0.036694427,2961.363391,0.022802266,1840.219379,29671,3
67.7328,25.14524,,67.73237,25.14524,1.182160372,0.438867229,1.182152867,0.438867229,0.04781385,2961.411205,0.029711981,1840.249091,29672,4
67.73237,25.14796,,67.73179,25.14796,1.182152867,0.438914702,1.182142744,0.438914702,0.064493007,2961.475698,0.040076568,1840.289168,29673,5
67.73179,25.15668,,67.73088,25.15668,1.182142744,0.439066895,1.182126861,0.439066895,0.101187401,2961.576885,0.062878813,1840.352046,29674,1
67.73088,25.16184,,67.72963,25.16184,1.182126861,0.439156954,1.182105045,0.439156954,0.138993674,2961.715879,0.086371991,1840.438418,29675,2
67.72963,25.17354,,67.72965,25.17354,1.182105045,0.439361157,1.182105394,0.439361157,0.002222378,2961.718101,0.001381007,1840.439799,29676,3
67.72965,25.17509,,67.73091,25.17509,1.182105394,0.43938821,1.182127385,0.43938821,0.140105589,2961.858207,0.087062945,1840.526862,29677,4
67.73091,25.18378,,67.73109,25.18378,1.182127385,0.439539879,1.182130526,0.439539879,0.020015144,2961.878222,0.012437601,1840.5393,29678,5
67.73109,25.18816,,67.73086,25.18816,1.182130526,0.439616325,1.182126512,0.439616325,0.025574977,2961.903797,0.015892534,1840.555192,29679,1
67.73086,25.19165,,67.72981,25.19165,1.182126512,0.439677237,1.182108186,0.439677237,0.116754709,2962.020551,0.072552487,1840.627745,29680,2
67.72981,25.19962,,67.72965,25.19962,1.182108186,0.439816339,1.182105394,0.439816339,0.017791189,2962.038343,0.011055614,1840.638801,29681,3
67.72965,25.2024,,67.72995,25.2024,1.182105394,0.439864859,1.18211063,0.439864859,0.033358378,2962.071701,0.020729213,1840.65953,29682,4
67.72995,25.20582,,67.73256,25.20582,1.18211063,0.43992455,1.182156183,0.43992455,0.290218759,2962.36192,0.180344697,1840.839875,29683,5
67.73256,25.21829,,67.73321,25.21829,1.182156183,0.440142192,1.182167527,0.440142192,0.072276693,2962.434196,0.044913425,1840.884788,29684,1
67.73321,25.21988,,67.73366,25.21988,1.182167527,0.440169943,1.182175381,0.440169943,0.050037747,2962.484234,0.031093932,1840.915882,29685,2
67.73366,25.22058,,67.7346,25.22058,1.182175381,0.44018216,1.182191788,0.44018216,0.104523246,2962.588757,0.064951739,1840.980834,29686,3
67.7346,25.2213,,67.73497,25.2213,1.182191788,0.440194727,1.182198245,0.440194727,0.041142159,2962.6299,0.025566129,1841.0064,29687,4
67.73497,25.22138,,67.73561,25.22138,1.182198245,0.440196123,1.182209415,0.440196123,0.071164819,2962.701064,0.044222495,1841.050622,29688,5
67.73561,25.22119,,67.73647,25.22119,1.182209415,0.440192807,1.182224425,0.440192807,0.095627605,2962.796692,0.059423903,1841.110046,29689,1
67.73647,25.22045,,67.73801,25.22045,1.182224425,0.440179891,1.182251303,0.440179891,0.171240174,2962.967932,0.106410273,1841.216456,29690,2
67.73801,25.21863,,67.73859,25.21863,1.182251303,0.440148126,1.182261426,0.440148126,0.064493077,2963.032425,0.040076612,1841.256533,29691,3
67.73859,25.2181,,67.73904,25.2181,1.182261426,0.440138876,1.18226928,0.440138876,0.050037747,2963.082463,0.031093932,1841.287627,29692,4
67.73904,25.21782,,67.73935,25.21782,1.18226928,0.440133989,1.182274691,0.440133989,0.034470404,2963.116933,0.021420237,1841.309047,29693,5
67.73935,25.21778,,67.74022,25.21778,1.182274691,0.440133291,1.182289875,0.440133291,0.096739581,2963.213673,0.060114896,1841.369162,29694,1
67.74022,25.21803,,67.74205,25.21803,1.182289875,0.440137654,1.182321815,0.440137654,0.203486719,2963.41716,0.126448583,1841.495611,29695,2
67.74205,25.21919,,67.74298,25.21919,1.182321815,0.4401579,1.182338046,0.4401579,0.103411256,2963.520571,0.064260738,1841.559871,29696,3
67.74298,25.2202,,67.74394,25.2202,1.182338046,0.440175528,1.182354801,0.440175528,0.106747134,2963.627318,0.066333684,1841.626205,29697,4
67.74394,25.22187,,67.74645,25.22187,1.182354801,0.440204675,1.182398609,0.440204675,0.279099265,2963.906417,0.173434938,1841.79964,29698,5
67.74645,25.22894,,67.74706,25.22894,1.182398609,0.44032807,1.182409256,0.44032807,0.067828862,2963.974246,0.0421495,1841.84179,29699,1
67.74706,25.22989,,67.74824,25.22989,1.182409256,0.44034465,1.18242985,0.44034465,0.131209993,2964.105456,0.081535137,1841.923325,29700,2
67.74824,25.23079,,67.7501,25.23079,1.18242985,0.440360358,1.182462314,0.440360358,0.206822555,2964.312279,0.128521503,1842.051846,29701,3
67.7501,25.23129,,67.75057,25.23129,1.182462314,0.440369085,1.182470517,0.440369085,0.052261515,2964.36454,0.032475803,1842.084322,29702,4
67.75057,25.23156,,67.75141,25.23156,1.182470517,0.440373797,1.182485177,0.440373797,0.093403694,2964.457944,0.058041944,1842.142364,29703,5
67.75141,25.23235,,67.75452,25.23235,1.182485177,0.440387586,1.182539457,0.440387586,0.345816232,2964.80376,0.214893496,1842.357257,29704,1
67.75452,25.2363,,67.7559,25.2363,1.182539457,0.440456526,1.182563543,0.440456526,0.153449012,2964.957209,0.095354676,1842.452612,29705,2
67.7559,25.23754,,67.7562,25.23754,1.182563543,0.440478168,1.182568779,0.440478168,0.033358513,2964.990568,0.020729297,1842.473341,29706,3
67.7562,25.23769,,67.75715,25.23769,1.182568779,0.440480786,1.182585359,0.440480786,0.105635134,2965.096203,0.065642677,1842.538984,29707,4
67.75715,25.23793,,67.75825,25.23793,1.182585359,0.440484975,1.182604558,0.440484975,0.122314396,2965.218517,0.076007329,1842.614991,29708,5
67.75825,25.23776,,67.75909,25.23776,1.182604558,0.440482008,1.182619219,0.440482008,0.093403742,2965.311921,0.058041974,1842.673033,29709,1
67.75909,25.23724,,67.76026,25.23724,1.182619219,0.440472932,1.182639639,0.440472932,0.130098045,2965.442019,0.080844163,1842.753878,29710,2
67.76026,25.23595,,67.76475,25.23595,1.182639639,0.440450417,1.182718004,0.440450417,0.49926522,2965.941284,0.310248156,1843.064126,29711,3
67.76475,25.2294,,67.76511,25.2294,1.182718004,0.440336098,1.182724287,0.440336098,0.040030288,2965.981315,0.024875202,1843.089001,29712,4
67.76511,25.22899,,67.76564,25.22899,1.182724287,0.440328942,1.182733538,0.440328942,0.058933337,2966.040248,0.036621736,1843.125623,29713,5
67.76564,25.22855,,67.76618,25.22855,1.182733538,0.440321263,1.182742962,0.440321263,0.060045206,2966.100293,0.037312662,1843.162935,29714,1
67.76618,25.2283,,67.76672,25.2283,1.182742962,0.4403169,1.182752387,0.4403169,0.060045206,2966.160338,0.037312662,1843.200248,29715,2
67.76672,25.22825,,67.76716,25.22825,1.182752387,0.440316027,1.182760067,0.440316027,0.048925677,2966.209264,0.030402881,1843.230651,29716,3
67.76716,25.22836,,67.76884,25.22836,1.182760067,0.440317947,1.182789388,0.440317947,0.186807484,2966.396072,0.116083947,1843.346735,29717,4
67.76884,25.22928,,67.76945,25.22928,1.182789388,0.440334004,1.182800035,0.440334004,0.067828862,2966.4639,0.0421495,1843.388884,29718,5
67.76945,25.22983,,67.7715,25.22983,1.182800035,0.440343603,1.182835814,0.440343603,0.227949594,2966.69185,0.141650046,1843.530534,29719,1
67.7715,25.23222,,67.77309,25.23222,1.182835814,0.440385317,1.182863565,0.440385317,0.17679991,2966.86865,0.109865146,1843.640399,29720,2
67.77309,25.23324,,67.7736,25.23324,1.182863565,0.440403119,1.182872466,0.440403119,0.05670936,2966.925359,0.035239736,1843.675639,29721,3
67.7736,25.23397,,67.77414,25.23397,1.182872466,0.44041586,1.182881891,0.44041586,0.060045206,2966.985404,0.037312662,1843.712952,29722,4
67.77414,25.23565,,67.77495,25.23565,1.182881891,0.440445181,1.182896028,0.440445181,0.090067885,2967.075472,0.05596904,1843.768921,29723,5
67.77495,25.24218,,67.77636,25.24218,1.182896028,0.440559151,1.182920637,0.440559151,0.156784833,2967.232257,0.097427586,1843.866348,29724,1
67.77636,25.24837,,67.77684,25.24837,1.182920637,0.440667187,1.182929015,0.440667187,0.053373567,2967.285631,0.033166842,1843.899515,29725,2
67.77684,25.24986,,67.77785,25.24986,1.182929015,0.440693193,1.182946642,0.440693193,0.112306893,2967.397938,0.069788571,1843.969304,29726,3
67.77785,25.25186,,67.7808,25.25186,1.182946642,0.440728099,1.18299813,0.440728099,0.328025043,2967.725963,0.203837882,1844.173142,29727,4
67.7808,25.25561,,67.7823,25.25561,1.18299813,0.440793549,1.18302431,0.440793549,0.166792403,2967.892755,0.103646386,1844.276788,29728,5
67.7823,25.25815,,67.78418,25.25815,1.18302431,0.44083788,1.183057122,0.44083788,0.209046448,2968.101802,0.129903451,1844.406692,29729,1
67.78418,25.26244,,67.78484,25.26244,1.183057122,0.440912755,1.183068641,0.440912755,0.07338867,2968.17519,0.045604417,1844.452296,29730,2
67.78484,25.2633,,67.78609,25.2633,1.183068641,0.440927765,1.183090458,0.440927765,0.138993674,2968.314184,0.086371991,1844.538668,29731,3
67.78609,25.26442,,67.7867,25.26442,1.183090458,0.440947313,1.183101104,0.440947313,0.067828862,2968.382013,0.0421495,1844.580818,29732,4
67.7867,25.26466,,67.78715,25.26466,1.183101104,0.440951501,1.183108958,0.440951501,0.050037837,2968.432051,0.031093988,1844.611912,29733,5
67.78715,25.26459,,67.78717,25.26459,1.183108958,0.44095028,1.183109307,0.44095028,0.002224405,2968.434275,0.001382267,1844.613294,29734,1
67.78717,25.2646,,67.78776,25.2646,1.183109307,0.440950454,1.183119605,0.440950454,0.065604962,2968.49988,0.040767547,1844.654061,29735,2
67.78776,25.26432,,67.7894,25.26432,1.183119605,0.440945567,1.183148228,0.440945567,0.182359662,2968.68224,0.113320028,1844.767381,29736,3
67.7894,25.26252,,67.78998,25.26252,1.183148228,0.440914151,1.183158351,0.440914151,0.064493077,2968.746733,0.040076612,1844.807458,29737,4
67.78998,25.26202,,67.79045,25.26202,1.183158351,0.440905425,1.183166554,0.440905425,0.052261515,2968.798994,0.032475803,1844.839934,29738,5
67.79045,25.26173,,67.79112,25.26173,1.183166554,0.440900363,1.183178248,0.440900363,0.074500562,2968.873495,0.046295358,1844.886229,29739,1
67.79112,25.26164,,67.7913,25.26164,1.183178248,0.440898792,1.183181389,0.440898792,0.020014919,2968.89351,0.012437461,1844.898667,29740,2
67.7913,25.2617,,67.79253,25.2617,1.183181389,0.44089984,1.183202857,0.44089984,0.136769742,2969.030279,0.084990019,1844.983657,29741,3
67.79253,25.26262,,67.79342,25.26262,1.183202857,0.440915897,1.18321839,0.440915897,0.09896348,2969.129243,0.061496848,1845.045153,29742,4
67.79342,25.26395,,67.79383,25.26395,1.18321839,0.44093911,1.183225546,0.44093911,0.045589903,2969.174833,0.028329999,1845.073483,29743,5
67.79383,25.26487,,67.79438,25.26487,1.183225546,0.440955167,1.183235145,0.440955167,0.061157124,2969.23599,0.038003619,1845.111487,29744,1
67.79438,25.26671,,67.79486,25.26671,1.183235145,0.440987281,1.183243523,0.440987281,0.053373567,2969.289363,0.033166842,1845.144654,29745,2
67.79486,25.26957,,67.79535,25.26957,1.183243523,0.441037197,1.183252075,0.441037197,0.054485583,2969.343849,0.03385786,1845.178512,29746,3
67.79535,25.27484,,67.79593,25.27484,1.183252075,0.441129176,1.183262198,0.441129176,0.064493147,2969.408342,0.040076655,1845.218588,29747,4
67.79593,25.27783,,67.79657,25.27783,1.183262198,0.441181361,1.183273368,0.441181361,0.071164756,2969.479507,0.044222456,1845.262811,29748,5
67.79657,25.27991,,67.80181,25.27991,1.183273368,0.441217664,1.183364823,0.441217664,0.582661414,2970.062168,0.362071345,1845.624882,29749,1
67.80181,25.29168,,67.80251,25.29168,1.183364823,0.441423089,1.183377041,0.441423089,0.077836408,2970.140005,0.048368284,1845.673251,29750,2
67.80251,25.29277,,67.80848,25.29277,1.183377041,0.441442113,1.183481237,0.441442113,0.663833712,2970.803839,0.412512583,1846.085763,29751,3
67.80848,25.29957,,67.80941,25.29957,1.183481237,0.441560796,1.183497468,0.441560796,0.103411343,2970.90725,0.064260792,1846.150024,29752,4
67.80941,25.30095,,67.81227,25.30095,1.183497468,0.441584881,1.183547385,0.441584881,0.318017491,2971.225267,0.197619094,1846.347643,29753,5
67.81227,25.30611,,67.81282,25.30611,1.183547385,0.44167494,1.183556984,0.44167494,0.061157198,2971.286425,0.038003665,1846.385647,29754,1
67.81282,25.30688,,67.8134,25.30688,1.183556984,0.441688379,1.183567107,0.441688379,0.064493007,2971.350918,0.040076568,1846.425723,29755,2
67.8134,25.30745,,67.81382,25.30745,1.183567107,0.441698328,1.183574437,0.441698328,0.046701895,2971.397619,0.029021002,1846.454744,29756,3
67.81382,25.30771,,67.81426,25.30771,1.183574437,0.441702866,1.183582117,0.441702866,0.048925677,2971.446545,0.030402881,1846.485147,29757,4
67.81426,25.30787,,67.81485,25.30787,1.183582117,0.441705658,1.183592414,0.441705658,0.065605031,2971.51215,0.04076759,1846.525915,29758,5
67.81485,25.30791,,67.81519,25.30791,1.183592414,0.441706356,1.183598348,0.441706356,0.037806306,2971.549956,0.023493198,1846.549408,29759,1
67.81519,25.30786,,67.81544,25.30786,1.183598348,0.441705484,1.183602712,0.441705484,0.027798702,2971.577755,0.017274378,1846.566682,29760,2
67.81544,25.30774,,67.81579,25.30774,1.183602712,0.441703389,1.18360882,0.441703389,0.038918262,2971.616673,0.024184178,1846.590866,29761,3
67.81579,25.32084,,67.81569,25.32084,1.18360882,0.441932027,1.183607075,0.441932027,0.011119594,2971.627793,0.006909822,1846.597776,29762,4
67.81569,25.3236,,67.81514,25.3236,1.183607075,0.441980198,1.183597476,0.441980198,0.061157198,2971.68895,0.038003665,1846.63578,29763,5
67.81514,25.32688,,67.81373,25.32688,1.183597476,0.442037445,1.183572867,0.442037445,0.156784833,2971.845735,0.097427586,1846.733208,29764,1
67.81373,25.33164,,67.81286,25.33164,1.183572867,0.442120523,1.183557682,0.442120523,0.096739581,2971.942475,0.060114896,1846.793322,29765,2
67.81286,25.33365,,67.80963,25.33365,1.183557682,0.442155604,1.183501308,0.442155604,0.359159618,2972.301634,0.223185203,1847.016508,29766,3
67.80963,25.33928,,67.80844,25.33928,1.183501308,0.442253866,1.183480539,0.442253866,0.132321961,2972.433956,0.082226125,1847.098734,29767,4
67.80844,25.34301,,67.80517,25.34301,1.183480539,0.442318967,1.183423466,0.442318967,0.363607409,2972.797564,0.225949102,1847.324683,29768,5
67.80517,25.3508,,67.80454,25.3508,1.183423466,0.442454928,1.183412471,0.442454928,0.070052794,2972.867616,0.043531473,1847.368214,29769,1
67.80454,25.35415,,67.80358,25.35415,1.183412471,0.442513397,1.183395716,0.442513397,0.106747134,2972.974364,0.066333684,1847.434548,29770,2
67.80358,25.36293,,67.7994,25.36293,1.183395716,0.442666636,1.183322761,0.442666636,0.464794794,2973.439158,0.288827906,1847.723376,29771,3
67.7994,25.37568,,67.79897,25.37568,1.183322761,0.442889166,1.183315256,0.442889166,0.04781385,2973.486972,0.029711981,1847.753088,29772,4
67.79897,25.37795,,67.7985,25.37795,1.183315256,0.442928785,1.183307053,0.442928785,0.052261601,2973.539234,0.032475856,1847.785564,29773,5
67.7985,25.38811,,67.79792,25.38811,1.183307053,0.44310611,1.18329693,0.44310611,0.064493007,2973.603727,0.040076568,1847.82564,29774,1
67.79792,25.39196,,67.79738,25.39196,1.18329693,0.443173306,1.183287505,0.443173306,0.060045281,2973.663772,0.037312709,1847.862953,29775,2
67.79738,25.39405,,67.79234,25.39405,1.183287505,0.443209783,1.183199541,0.443209783,0.560422435,2974.224195,0.348251832,1848.211205,29776,3
67.79234,25.4078,,67.79145,25.4078,1.183199541,0.443449766,1.183184007,0.443449766,0.098963525,2974.323158,0.061496876,1848.272702,29777,4
67.79145,25.41116,,67.78616,25.41116,1.183184007,0.443508409,1.183091679,0.443508409,0.58822116,2974.911379,0.365526224,1848.638228,29778,5
67.78616,25.44551,,67.78613,25.44551,1.183091679,0.444107929,1.183091156,0.444107929,0.003334919,2974.914714,0.00207235,1848.6403,29779,1
67.78613,25.44751,,67.78775,25.44751,1.183091156,0.444142836,1.18311943,0.444142836,0.180135769,2975.09485,0.11193808,1848.752238,29780,2
67.78775,25.46909,,67.78822,25.46909,1.18311943,0.444519478,1.183127633,0.444519478,0.052261688,2975.147112,0.03247591,1848.784714,29781,3
67.78822,25.47264,,67.78904,25.47264,1.183127633,0.444581437,1.183141945,0.444581437,0.091179856,2975.238291,0.05666003,1848.841374,29782,4
67.78904,25.47658,,67.79223,25.47658,1.183141945,0.444650203,1.183197621,0.444650203,0.354711814,2975.593003,0.220421295,1849.061796,29783,5
67.79223,25.48659,,67.79327,25.48659,1.183197621,0.444824911,1.183215772,0.444824911,0.115642728,2975.708646,0.071861491,1849.133657,29784,1
67.79327,25.4908,,67.79426,25.4908,1.183215772,0.444898389,1.183233051,0.444898389,0.110082994,2975.818729,0.06840662,1849.202064,29785,2
67.79426,25.49787,,67.79529,25.49787,1.183233051,0.445021784,1.183251028,0.445021784,0.114530811,2975.93326,0.071170535,1849.273234,29786,3
67.79529,25.50203,,67.79573,25.50203,1.183251028,0.445094389,1.183258707,0.445094389,0.048925862,2975.982186,0.030402996,1849.303637,29787,4
67.79573,25.50484,,67.79604,25.50484,1.183258707,0.445143433,1.183264118,0.445143433,0.034470404,2976.016656,0.021420237,1849.325057,29788,5
67.79604,25.50968,,67.7959,25.50968,1.183264118,0.445227907,1.183261674,0.445227907,0.015567363,2976.032223,0.009673707,1849.334731,29789,1
67.7959,25.51114,,67.79415,25.51114,1.183261674,0.445253389,1.183231131,0.445253389,0.194591125,2976.226815,0.120920776,1849.455652,29790,2
67.79415,25.51744,,67.79386,25.51744,1.183231131,0.445363345,1.18322607,0.445363345,0.032246434,2976.259061,0.020038241,1849.47569,29791,3
67.79386,25.51976,,67.79371,25.51976,1.18322607,0.445403836,1.183223452,0.445403836,0.016679189,2976.27574,0.010364607,1849.486055,29792,4
67.79371,25.52717,,67.79481,25.52717,1.183223452,0.445533165,1.18324265,0.445533165,0.12231447,2976.398055,0.076007375,1849.562062,29793,5
67.79481,25.54028,,67.79642,25.54028,1.18324265,0.445761978,1.18327075,0.445761978,0.179023834,2976.577078,0.111247113,1849.673309,29794,1
67.79642,25.55206,,67.79631,25.55206,1.18327075,0.445967578,1.18326883,0.445967578,0.012231558,2976.58931,0.007600806,1849.68091,29795,2
67.79631,25.55722,,67.7958,25.55722,1.18326883,0.446057637,1.183259929,0.446057637,0.05670944,2976.646019,0.035239785,1849.71615,29796,3
67.7958,25.56044,,67.79416,25.56044,1.183259929,0.446113836,1.183231306,0.446113836,0.182359686,2976.828379,0.113320044,1849.82947,29797,4
67.79416,25.56701,,67.79389,25.56701,1.183231306,0.446228504,1.183226593,0.446228504,0.030022678,2976.858402,0.018656378,1849.848126,29798,5
67.79389,25.56917,,67.79329,25.56917,1.183226593,0.446266204,1.183216121,0.446266204,0.066716958,2976.925119,0.041458553,1849.889585,29799,1
67.79329,25.58809,,67.79178,25.58809,1.183216121,0.44659642,1.183189767,0.44659642,0.16790434,2977.093023,0.104337354,1849.993922,29800,2
67.79178,25.59728,,67.79179,25.59728,1.183189767,0.446756816,1.183189941,0.446756816,0.001115237,2977.094138,0.000693019,1849.994615,29801,3
67.79179,25.60158,,67.79049,25.60158,1.183189941,0.446831865,1.183167252,0.446831865,0.144553418,2977.238692,0.089826869,1850.084442,29802,4
67.79049,25.60691,,67.79007,25.60691,1.183167252,0.446924891,1.183159922,0.446924891,0.046701895,2977.285394,0.029021002,1850.113463,29803,5
67.79007,25.61159,,67.79032,25.61159,1.183159922,0.447006572,1.183164285,0.447006572,0.027798702,2977.313192,0.017274378,1850.130737,29804,1
67.79032,25.63341,,67.79051,25.63341,1.183164285,0.447387403,1.183167601,0.447387403,0.021127317,2977.33432,0.013128716,1850.143866,29805,2
67.79051,25.63597,,67.79113,25.63597,1.183167601,0.447432083,1.183178422,0.447432083,0.068940808,2977.40326,0.042840474,1850.186707,29806,3
67.79113,25.64016,,67.80108,25.64016,1.183178422,0.447505213,1.183352082,0.447505213,1.106389519,2978.50965,0.687520971,1850.874228,29807,4
67.80108,25.68598,,67.80236,25.68598,1.183352082,0.448304923,1.183374423,0.448304923,0.142329511,2978.65198,0.088444912,1850.962673,29808,5
67.80236,25.68923,,67.80357,25.68923,1.183374423,0.448361646,1.183395541,0.448361646,0.13454586,2978.786525,0.083608077,1851.046281,29809,1
67.80357,25.69106,,67.80431,25.69106,1.183395541,0.448393585,1.183408457,0.448393585,0.082284262,2978.86881,0.051132223,1851.097413,29810,2
67.80431,25.69176,,67.80534,25.69176,1.183408457,0.448405803,1.183426433,0.448405803,0.114530771,2978.98334,0.071170511,1851.168583,29811,3
67.80534,25.69232,,67.80927,25.69232,1.183426433,0.448415576,1.183495025,0.448415576,0.436996055,2979.420336,0.271553505,1851.440137,29812,4
67.80927,25.69318,,67.80991,25.69318,1.183495025,0.448430586,1.183506195,0.448430586,0.071164756,2979.491501,0.044222456,1851.484359,29813,5
67.80991,25.69341,,67.81061,25.69341,1.183506195,0.448434601,1.183518412,0.448434601,0.077836408,2979.569338,0.048368284,1851.532728,29814,1
67.81061,25.6939,,67.81183,25.6939,1.183518412,0.448443153,1.183539705,0.448443153,0.135657791,2979.704995,0.084299041,1851.617027,29815,2
67.81183,25.69506,,67.82826,25.69506,1.183539705,0.448463398,1.183826463,0.448463398,1.826932646,2981.531928,1.135273323,1852.7523,29816,3
67.82826,25.71937,,67.82889,25.71937,1.183826463,0.448887688,1.183837458,0.448887688,0.070052794,2981.601981,0.043531473,1852.795831,29817,4
67.82889,25.72089,,67.82943,25.72089,1.183837458,0.448914217,1.183846883,0.448914217,0.060045356,2981.662026,0.037312756,1852.833144,29818,5
67.82943,25.7227,,67.82989,25.7227,1.183846883,0.448945808,1.183854912,0.448945808,0.051149778,2981.713176,0.031784959,1852.864929,29819,1
67.82989,25.72498,,67.83239,25.72498,1.183854912,0.448985601,1.183898545,0.448985601,0.277987331,2981.991163,0.172743972,1853.037673,29820,2
67.83239,25.75363,,67.83255,25.75363,1.183898545,0.449485638,1.183901338,0.449485638,0.017791189,2982.008955,0.011055614,1853.048729,29821,3
67.83255,25.75437,,67.83318,25.75437,1.183901338,0.449498553,1.183912333,0.449498553,0.070052794,2982.079007,0.043531473,1853.09226,29822,4
67.83318,25.75612,,67.83512,25.75612,1.183912333,0.449529097,1.183946192,0.449529097,0.21571815,2982.294725,0.13404931,1853.22631,29823,5
67.83512,25.75871,,67.83571,25.75871,1.183946192,0.449574301,1.18395649,0.449574301,0.065604962,2982.36033,0.040767547,1853.267077,29824,1
67.83571,25.76034,,67.83607,25.76034,1.18395649,0.449602749,1.183962773,0.449602749,0.040030288,2982.400361,0.024875202,1853.291952,29825,2
67.83607,25.76237,,67.83778,25.76237,1.183962773,0.44963818,1.183992618,0.44963818,0.190143339,2982.590504,0.118156879,1853.410109,29826,3
67.83778,25.79412,,67.83759,25.79412,1.183992618,0.450192322,1.183989302,0.450192322,0.021127104,2982.611631,0.013128583,1853.423238,29827,4
67.83759,25.79707,,67.82022,25.79707,1.183989302,0.450243809,1.183686138,0.450243809,1.931455875,2984.543087,1.200225052,1854.623463,29828,5
67.82022,25.91188,,67.82006,25.91188,1.183686138,0.452247621,1.183683346,0.452247621,0.017791189,2984.560878,0.011055614,1854.634518,29829,1
67.82006,25.91444,,67.82095,25.91444,1.183683346,0.452292302,1.183698879,0.452292302,0.09896348,2984.659842,0.061496848,1854.696015,29830,2
67.82095,25.94355,,67.82332,25.94355,1.183698879,0.452800367,1.183740244,0.452800367,0.263531974,2984.923374,0.163761275,1854.859777,29831,3
67.82332,25.95932,,67.82685,25.95932,1.183740244,0.453075606,1.183801854,0.453075606,0.392518092,2985.315892,0.243914476,1855.103691,29832,4
67.82685,25.97432,,67.82717,25.97432,1.183801854,0.453337405,1.183807439,0.453337405,0.035582378,2985.351474,0.022111228,1855.125802,29833,5
67.82717,25.97643,,67.82736,25.97643,1.183807439,0.453374231,1.183810755,0.453374231,0.02112689,2985.372601,0.013128451,1855.138931,29834,1
67.82736,25.97968,,67.82727,25.97968,1.183810755,0.453430955,1.183809184,0.453430955,0.010007459,2985.382609,0.00621873,1855.145149,29835,2
67.82727,26.00006,,67.82762,26.00006,1.183809184,0.453786653,1.183815293,0.453786653,0.038918262,2985.421527,0.024184178,1855.169334,29836,3
67.82762,26.00527,,67.83039,26.00527,1.183815293,0.453877584,1.183863638,0.453877584,0.308009948,2985.729537,0.191400312,1855.360734,29837,4
67.83039,26.02648,,67.83064,26.02648,1.183863638,0.454247769,1.183868002,0.454247769,0.027798702,2985.757335,0.017274378,1855.378008,29838,5
67.83064,26.03053,,67.83072,26.03053,1.183868002,0.454318455,1.183869398,0.454318455,0.008895594,2985.766231,0.005527807,1855.383536,29839,1
67.83072,26.05319,,67.83093,26.05319,1.183869398,0.454713946,1.183873063,0.454713946,0.023350996,2985.789582,0.014510531,1855.398047,29840,2
67.83093,26.05439,,67.83124,26.05439,1.183873063,0.45473489,1.183878474,0.45473489,0.034470535,2985.824053,0.021420318,1855.419467,29841,3
67.83124,26.05544,,67.83177,26.05544,1.183878474,0.454753216,1.183887724,0.454753216,0.058933337,2985.882986,0.036621736,1855.456089,29842,4
67.83177,26.05636,,67.83796,26.05636,1.183887724,0.454769273,1.18399576,0.454769273,0.688296598,2986.571282,0.427714053,1855.883803,29843,5
67.83796,26.06256,,67.83877,26.06256,1.18399576,0.454877483,1.184009897,0.454877483,0.090067835,2986.66135,0.055969009,1855.939772,29844,1
67.83877,26.06387,,67.83925,26.06387,1.184009897,0.454900347,1.184018275,0.454900347,0.053373567,2986.714724,0.033166842,1855.972939,29845,2
67.83925,26.06513,,67.83979,26.06513,1.184018275,0.454922338,1.184027699,0.454922338,0.060045281,2986.774769,0.037312709,1856.010251,29846,3
67.83979,26.06743,,67.84328,26.06743,1.184027699,0.454962481,1.184088611,0.454962481,0.3880703,2987.162839,0.241150576,1856.251402,29847,4
67.84328,26.09581,,67.84366,26.09581,1.184088611,0.455457805,1.184095244,0.455457805,0.042253994,2987.205093,0.026257034,1856.277659,29848,5
67.84366,26.09748,,67.84405,26.09748,1.184095244,0.455486952,1.18410205,0.455486952,0.043366004,2987.248459,0.026948047,1856.304607,29849,1
67.84405,26.0986,,67.86167,26.0986,1.18410205,0.4555065,1.184409577,0.4555065,1.959254606,2989.207714,1.217499448,1857.522106,29850,2
67.86167,26.13601,,67.86227,26.13601,1.184409577,0.456159428,1.184420049,0.456159428,0.066716891,2989.274431,0.041458511,1857.563565,29851,3
67.86227,26.13755,,67.86301,26.13755,1.184420049,0.456186306,1.184432965,0.456186306,0.082284262,2989.356715,0.051132223,1857.614697,29852,4
67.86301,26.14013,,67.8635,26.14013,1.184432965,0.456231335,1.184441517,0.456231335,0.054485501,2989.411201,0.033857808,1857.648555,29853,5
67.8635,26.1426,,67.86996,26.1426,1.184441517,0.456274445,1.184554265,0.456274445,0.71831923,2990.12952,0.446370402,1858.094925,29854,1
67.86996,26.19829,,67.87002,26.19829,1.184554265,0.457246419,1.184555312,0.457246419,0.006671189,2990.136191,0.00414554,1858.099071,29855,2
67.87002,26.2299,,67.8696,26.2299,1.184555312,0.457798117,1.184547982,0.457798117,0.046701895,2990.182893,0.029021002,1858.128092,29856,3
67.8696,26.233,,67.86875,26.233,1.184547982,0.457852223,1.184533147,0.457852223,0.094515706,2990.277409,0.058732959,1858.186825,29857,4
67.86875,26.23599,,67.86627,26.23599,1.184533147,0.457904408,1.184489863,0.457904408,0.275763428,2990.553172,0.171362017,1858.358187,29858,5
67.86627,26.24158,,67.86565,26.24158,1.184489863,0.458001972,1.184479042,0.458001972,0.068940873,2990.622113,0.042840514,1858.401027,29859,1
67.86565,26.24258,,67.86529,26.24258,1.184479042,0.458019425,1.184472758,0.458019425,0.040030175,2990.662143,0.024875132,1858.425903,29860,2
67.86529,26.24301,,67.86464,26.24301,1.184472758,0.45802693,1.184461414,0.45802693,0.072276693,2990.73442,0.044913425,1858.470816,29861,3
67.86464,26.24352,,67.86149,26.24352,1.184461414,0.458035831,1.184406436,0.458035831,0.35026401,2991.084684,0.217657388,1858.688473,29862,4
67.86149,26.24497,,67.86121,26.24497,1.184406436,0.458061139,1.184401549,0.458061139,0.031134436,2991.115818,0.019347235,1858.707821,29863,5
67.86121,26.24519,,67.8605,26.24519,1.184401549,0.458064978,1.184389157,0.458064978,0.07894839,2991.194767,0.049059281,1858.75688,29864,1
67.8605,26.24602,,67.85471,26.24602,1.184389157,0.458079465,1.184288102,0.458079465,0.643818631,2991.838585,0.400075021,1859.156955,29865,2
67.85471,26.25704,,67.85404,26.25704,1.184288102,0.4582718,1.184276409,0.4582718,0.074500623,2991.913086,0.046295395,1859.20325,29866,3
67.85404,26.2589,,67.85348,26.2589,1.184276409,0.458304263,1.184266635,0.458304263,0.062269161,2991.975355,0.038694649,1859.241945,29867,4
67.85348,26.26208,,67.85336,26.26208,1.184266635,0.458359764,1.184264541,0.458359764,0.013343729,2991.988699,0.00829192,1859.250237,29868,5
67.85336,26.26445,,67.85437,26.26445,1.184264541,0.458401129,1.184282168,0.458401129,0.112306852,2992.101006,0.069788546,1859.320025,29869,1
67.85437,26.28703,,67.85376,26.28703,1.184282168,0.458795224,1.184271522,0.458795224,0.067828862,2992.168835,0.0421495,1859.362175,29870,2
67.85376,26.2952,,67.85339,26.2952,1.184271522,0.458937817,1.184265064,0.458937817,0.041142268,2992.209977,0.025566197,1859.387741,29871,3
67.85339,26.29741,,67.85277,26.29741,1.184265064,0.458976389,1.184254243,0.458976389,0.068940939,2992.278918,0.042840555,1859.430582,29872,4
67.85277,26.29943,,67.85219,26.29943,1.184254243,0.459011645,1.18424412,0.459011645,0.064493077,2992.343411,0.040076612,1859.470658,29873,5
67.85219,26.3006,,67.85182,26.3006,1.18424412,0.459032065,1.184237662,0.459032065,0.041142159,2992.384553,0.025566129,1859.496224,29874,1
67.85182,26.30114,,67.85118,26.30114,1.184237662,0.45904149,1.184226492,0.45904149,0.071164756,2992.455718,0.044222456,1859.540447,29875,2
67.85118,26.30173,,67.85044,26.30173,1.184226492,0.459051787,1.184213577,0.459051787,0.082284262,2992.538002,0.051132223,1859.591579,29876,3
67.85044,26.30213,,67.84976,26.30213,1.184213577,0.459058769,1.184201709,0.459058769,0.075612493,2992.613615,0.046986323,1859.638565,29877,4
67.84976,26.30266,,67.84906,26.30266,1.184201709,0.459068019,1.184189491,0.459068019,0.077836466,2992.691451,0.04836832,1859.686934,29878,5
67.84906,26.30361,,67.84864,26.30361,1.184189491,0.4590846,1.184182161,0.4590846,0.046701799,2992.738153,0.029020942,1859.715955,29879,1
67.84864,26.30437,,67.84796,26.30437,1.184182161,0.459097864,1.184170293,0.459097864,0.075612553,2992.813765,0.04698636,1859.762941,29880,2
67.84796,26.30608,,67.84449,26.30608,1.184170293,0.459127709,1.18410973,0.459127709,0.38584639,2993.199612,0.239768617,1860.00271,29881,3
67.84449,26.31761,,67.84397,26.31761,1.18410973,0.459328946,1.184100654,0.459328946,0.057821364,2993.257433,0.035930746,1860.03864,29882,4
67.84397,26.32112,,67.84364,26.32112,1.184100654,0.459390207,1.184094895,0.459390207,0.036694304,2993.294127,0.02280219,1860.061443,29883,5
67.84364,26.32634,,67.84371,26.32634,1.184094895,0.459481313,1.184096116,0.459481313,0.007783537,2993.301911,0.004836764,1860.066279,29884,1
67.84371,26.32895,,67.844,26.32895,1.184096116,0.459526866,1.184101178,0.459526866,0.032246434,2993.334157,0.020038241,1860.086318,29885,2
67.844,26.33159,,67.84435,26.33159,1.184101178,0.459572943,1.184107286,0.459572943,0.038918146,2993.373076,0.024184106,1860.110502,29886,3
67.84435,26.33325,,67.84979,26.33325,1.184107286,0.459601915,1.184202232,0.459601915,0.604900394,2993.977976,0.375890858,1860.486393,29887,4
67.84979,26.34818,,67.85055,26.34818,1.184202232,0.459862493,1.184215497,0.459862493,0.084508147,2994.062484,0.052514167,1860.538907,29888,5
67.85055,26.3515,,67.85286,26.3515,1.184215497,0.459920438,1.184255814,0.459920438,0.256860287,2994.319344,0.159615425,1860.698522,29889,1
67.85286,26.37104,,67.85298,26.37104,1.184255814,0.460261475,1.184257908,0.460261475,0.013343729,2994.332688,0.00829192,1860.706814,29890,2
67.85298,26.37453,,67.85257,26.37453,1.184257908,0.460322387,1.184250752,0.460322387,0.045589903,2994.378278,0.028329999,1860.735144,29891,3
67.85257,26.38832,,67.85228,26.38832,1.184250752,0.460563068,1.184245691,0.460563068,0.032246434,2994.410524,0.020038241,1860.755182,29892,4
67.85228,26.39075,,67.85158,26.39075,1.184245691,0.46060548,1.184233474,0.46060548,0.077836466,2994.488361,0.04836832,1860.803551,29893,5
67.85158,26.39379,,67.84686,26.39379,1.184233474,0.460658538,1.184151094,0.460658538,0.524840056,2995.013201,0.326140603,1861.129691,29894,1
67.84686,26.40494,,67.84616,26.40494,1.184151094,0.460853142,1.184138877,0.460853142,0.077836408,2995.091037,0.048368284,1861.178059,29895,2
67.84616,26.40743,,67.84568,26.40743,1.184138877,0.4608966,1.184130499,0.4608966,0.053373567,2995.144411,0.033166842,1861.211226,29896,3
67.84568,26.41075,,67.84559,26.41075,1.184130499,0.460954545,1.184128928,0.460954545,0.010007459,2995.154418,0.00621873,1861.217445,29897,4
67.84559,26.41325,,67.84753,26.41325,1.184128928,0.460998179,1.184162788,0.460998179,0.215718171,2995.370137,0.134049323,1861.351494,29898,5
67.84753,26.44082,,67.8479,26.44082,1.184162788,0.461479366,1.184169246,0.461479366,0.041142049,2995.411279,0.025566061,1861.37706,29899,1
67.8479,26.44331,,67.85188,26.44331,1.184169246,0.461522825,1.18423871,0.461522825,0.442555807,2995.853834,0.275008388,1861.652069,29900,2
67.85188,26.46175,,67.85243,26.46175,1.18423871,0.461844663,1.184248309,0.461844663,0.061157198,2995.914992,0.038003665,1861.690072,29901,3
67.85243,26.46675,,67.8527,26.46675,1.184248309,0.46193193,1.184253021,0.46193193,0.030022678,2995.945014,0.018656378,1861.708729,29902,4
67.8527,26.4736,,67.85306,26.4736,1.184253021,0.462051485,1.184259305,0.462051485,0.040030063,2995.985044,0.024875062,1861.733604,29903,5
67.85306,26.47685,,67.85575,26.47685,1.184259305,0.462108208,1.184306254,0.462108208,0.299114353,2996.284159,0.185872504,1861.919476,29904,1
67.85575,26.49028,,67.8561,26.49028,1.184306254,0.462342606,1.184312363,0.462342606,0.038918146,2996.323077,0.024184106,1861.943661,29905,2
67.8561,26.49344,,67.85611,26.49344,1.184312363,0.462397758,1.184312537,0.462397758,0.001115237,2996.324192,0.000693019,1861.944354,29906,3
67.85611,26.49654,,67.85422,26.49654,1.184312537,0.462451863,1.18427955,0.462451863,0.210158404,2996.534351,0.130594432,1862.074948,29907,4
67.85422,26.52021,,67.85367,26.52021,1.18427955,0.462864983,1.184269951,0.462864983,0.061157272,2996.595508,0.03800371,1862.112952,29908,5
67.85367,26.52272,,67.85185,26.52272,1.184269951,0.462908791,1.184238186,0.462908791,0.202374757,2996.797883,0.125757599,1862.238709,29909,1
67.85185,26.5284,,67.8501,26.5284,1.184238186,0.463007925,1.184207643,0.463007925,0.194591148,2996.992474,0.12092079,1862.35963,29910,2
67.8501,26.53641,,67.84873,26.53641,1.184207643,0.463147726,1.184183732,0.463147726,0.152337079,2997.144811,0.09466371,1862.454294,29911,3
67.84873,26.55084,,67.84918,26.55084,1.184183732,0.463399577,1.184191586,0.463399577,0.050037657,2997.194848,0.031093876,1862.485388,29912,4
67.84918,26.58375,,67.84862,26.58375,1.184191586,0.463973965,1.184181812,0.463973965,0.062269089,2997.257118,0.038694604,1862.524082,29913,5
67.84862,26.59266,,67.8486,26.59266,1.184181812,0.464129474,1.184181463,0.464129474,0.002222378,2997.25934,0.001381007,1862.525463,29914,1
67.8486,26.59736,,67.84898,26.59736,1.184181463,0.464211504,1.184188095,0.464211504,0.0422541,2997.301594,0.0262571,1862.55172,29915,2
67.84898,26.60448,,67.84882,26.60448,1.184188095,0.464335772,1.184185303,0.464335772,0.017791189,2997.319385,0.011055614,1862.562776,29916,3
67.84882,26.60991,,67.84844,26.60991,1.184185303,0.464430543,1.18417867,0.464430543,0.042253994,2997.361639,0.026257034,1862.589033,29917,4
67.84844,26.6136,,67.84777,26.6136,1.18417867,0.464494946,1.184166977,0.464494946,0.074500562,2997.43614,0.046295358,1862.635328,29918,5
67.84777,26.61745,,67.84403,26.61745,1.184166977,0.464562141,1.184101701,0.464562141,0.415869022,2997.852009,0.258424966,1862.893753,29919,1
67.84403,26.63258,,67.8434,26.63258,1.184101701,0.464826209,1.184090706,0.464826209,0.07005273,2997.922061,0.043531433,1862.937285,29920,2
67.8434,26.6366,,67.8423,26.6366,1.184090706,0.464896372,1.184071507,0.464896372,0.122314433,2998.044376,0.076007352,1863.013292,29921,3
67.8423,26.65631,,67.84243,26.65631,1.184071507,0.465240376,1.184073776,0.465240376,0.014455438,2998.058831,0.008982747,1863.022275,29922,4
67.84243,26.66543,,67.84228,26.66543,1.184073776,0.46539955,1.184071158,0.46539955,0.016679459,2998.075511,0.010364775,1863.03264,29923,5
67.84228,26.66723,,67.84051,26.66723,1.184071158,0.465430966,1.184040266,0.465430966,0.196815023,2998.272326,0.122302727,1863.154942,29924,1
67.84051,26.67732,,67.83903,26.67732,1.184040266,0.46560707,1.184014435,0.46560707,0.16456847,2998.436894,0.102264413,1863.257207,29925,2
67.83903,26.69124,,67.83907,26.69124,1.184014435,0.465850019,1.184015133,0.465850019,0.004447797,2998.441342,0.002763904,1863.259971,29926,3
67.83907,26.69597,,67.83925,26.69597,1.184015133,0.465932574,1.184018275,0.465932574,0.020014919,2998.461357,0.012437461,1863.272408,29927,4
67.83925,26.69599,,67.83952,26.69599,1.184018275,0.465932923,1.184022987,0.465932923,0.030022678,2998.49138,0.018656378,1863.291065,29928,5
67.83952,26.69619,,67.83961,26.69619,1.184022987,0.465936413,1.184024558,0.465936413,0.010007459,2998.501387,0.00621873,1863.297283,29929,1
67.83961,26.69617,,67.83974,26.69617,1.184024558,0.465936064,1.184026827,0.465936064,0.014455438,2998.515843,0.008982747,1863.306266,29930,2
67.83974,26.6962,,67.83982,26.6962,1.184026827,0.465936588,1.184028223,0.465936588,0.008895594,2998.524738,0.005527807,1863.311794,29931,3
67.83982,26.69627,,67.83992,26.69627,1.184028223,0.46593781,1.184029968,0.46593781,0.011119189,2998.535857,0.00690957,1863.318703,29932,4
67.83992,26.69657,,67.84001,26.69657,1.184029968,0.465943045,1.184031539,0.465943045,0.010007459,2998.545865,0.00621873,1863.324922,29933,5
67.84001,26.69656,,67.84135,26.69656,1.184031539,0.465942871,1.184054926,0.465942871,0.149001185,2998.694866,0.092590753,1863.417513,29934,1
67.84135,26.69701,,67.8416,26.69701,1.184054926,0.465950725,1.18405929,0.465950725,0.027798702,2998.722665,0.017274378,1863.434787,29935,2
67.8416,26.69721,,67.84226,26.69721,1.18405929,0.465954216,1.184070809,0.465954216,0.073388608,2998.796053,0.045604379,1863.480392,29936,3
67.84226,26.69661,,67.84274,26.69661,1.184070809,0.465943744,1.184079187,0.465943744,0.053373567,2998.849427,0.033166842,1863.513558,29937,4
67.84274,26.69601,,67.84305,26.69601,1.184079187,0.465933272,1.184084597,0.465933272,0.034470404,2998.883897,0.021420237,1863.534979,29938,5
67.84305,26.69503,,67.84665,26.69503,1.184084597,0.465916167,1.184147429,0.465916167,0.400301728,2999.284199,0.248751302,1863.78373,29939,1
67.84665,26.67301,,67.84729,26.67301,1.184147429,0.465531846,1.184158599,0.465531846,0.071164756,2999.355364,0.044222456,1863.827952,29940,2
67.84729,26.6708,,67.86578,26.6708,1.184158599,0.465493274,1.18448131,0.465493274,2.055994195,3001.411358,1.277614349,1865.105567,29941,3
67.86578,26.62728,,67.86599,26.62728,1.18448131,0.464733707,1.184484976,0.464733707,0.023350803,3001.434709,0.014510411,1865.120077,29942,4
67.86599,26.62696,,67.8666,26.62696,1.184484976,0.464728122,1.184495622,0.464728122,0.067828929,3001.502538,0.042149541,1865.162227,29943,5
67.8666,26.62636,,67.87173,26.62636,1.184495622,0.46471765,1.184585158,0.46471765,0.57042997,3002.072968,0.354470609,1865.516697,29944,1
67.87173,26.62392,,67.87236,26.62392,1.184585158,0.464675064,1.184596153,0.464675064,0.07005273,3002.14302,0.043531433,1865.560229,29945,2
67.87236,26.62378,,67.88222,26.62378,1.184596153,0.46467262,1.184768243,0.46467262,1.096381975,3003.239402,0.681302188,1866.241531,29946,3
67.88222,26.62359,,67.88266,26.62359,1.184768243,0.464669304,1.184775922,0.464669304,0.048925677,3003.288328,0.030402881,1866.271934,29947,4
67.88266,26.62329,,67.883,26.62329,1.184775922,0.464664068,1.184781856,0.464664068,0.037806306,3003.326134,0.023493198,1866.295427,29948,5
67.883,26.62277,,67.88329,26.62277,1.184781856,0.464654993,1.184786918,0.464654993,0.032246434,3003.358381,0.020038241,1866.315465,29949,1
67.88329,26.62189,,67.88364,26.62189,1.184786918,0.464639634,1.184793026,0.464639634,0.038918378,3003.397299,0.02418425,1866.33965,29950,2
67.88364,26.61982,,67.88401,26.61982,1.184793026,0.464603505,1.184799484,0.464603505,0.041142159,3003.438441,0.025566129,1866.365216,29951,3
67.88401,26.61868,,67.8844,26.61868,1.184799484,0.464583609,1.184806291,0.464583609,0.043366004,3003.481807,0.026948047,1866.392164,29952,4
67.8844,26.6181,,67.88499,26.6181,1.184806291,0.464573486,1.184816588,0.464573486,0.065605031,3003.547412,0.04076759,1866.432931,29953,5
67.88499,26.61771,,67.88534,26.61771,1.184816588,0.464566679,1.184822697,0.464566679,0.038918378,3003.586331,0.02418425,1866.457116,29954,1
67.88534,26.6172,,67.88557,26.6172,1.184822697,0.464557778,1.184826711,0.464557778,0.025574801,3003.611906,0.015892425,1866.473008,29955,2
67.88557,26.61656,,67.88736,26.61656,1.184826711,0.464546608,1.184857952,0.464546608,0.199038888,3003.810944,0.123684658,1866.596693,29956,3
67.88736,26.60799,,67.88765,26.60799,1.184857952,0.464397033,1.184863014,0.464397033,0.032246434,3003.843191,0.020038241,1866.616731,29957,4
67.88765,26.60432,,67.88906,26.60432,1.184863014,0.464332979,1.184887623,0.464332979,0.156784833,3003.999976,0.097427586,1866.714159,29958,5
67.88906,26.59534,,67.8893,26.59534,1.184887623,0.464176249,1.184891812,0.464176249,0.026686783,3004.026662,0.016583421,1866.730742,29959,1
67.8893,26.59478,,67.89133,26.59478,1.184891812,0.464166475,1.184927242,0.464166475,0.225725696,3004.252388,0.140268094,1866.87101,29960,2
67.89133,26.5922,,67.89223,26.5922,1.184927242,0.464121445,1.18494295,0.464121445,0.100075404,3004.352464,0.062187808,1866.933198,29961,3
67.89223,26.5914,,67.89453,26.5914,1.18494295,0.464107483,1.184983093,0.464107483,0.255748328,3004.608212,0.158924443,1867.092122,29962,4
67.89453,26.59034,,67.89496,26.59034,1.184983093,0.464088982,1.184990598,0.464088982,0.047813755,3004.656026,0.029711922,1867.121834,29963,5
67.89496,26.59,,67.89635,26.59,1.184990598,0.464083048,1.185014858,0.464083048,0.154560963,3004.810587,0.096045652,1867.21788,29964,1
67.89635,26.58831,,67.8985,26.58831,1.185014858,0.464053552,1.185052382,0.464053552,0.239069098,3005.049656,0.148559811,1867.36644,29965,2
67.8985,26.585,,67.91157,26.585,1.185052382,0.463995782,1.185280497,0.463995782,1.453317693,3006.502973,0.903105438,1868.269545,29966,3
67.91157,26.57678,,67.9119,26.57678,1.185280497,0.463852316,1.185286256,0.463852316,0.036694427,3006.539668,0.022802266,1868.292347,29967,4
67.9119,26.57648,,67.91277,26.57648,1.185286256,0.46384708,1.185301441,0.46384708,0.096739581,3006.636407,0.060114896,1868.352462,29968,5
67.91277,26.5746,,67.91888,26.5746,1.185301441,0.463814267,1.18540808,0.463814267,0.679400996,3007.315808,0.422186241,1868.774648,29969,1
67.91888,26.5493,,67.91918,26.5493,1.18540808,0.463372699,1.185413316,0.463372699,0.033358378,3007.349167,0.020729213,1868.795378,29970,2
67.91918,26.54855,,67.92003,26.54855,1.185413316,0.463359609,1.185428152,0.463359609,0.094515658,3007.443682,0.058732929,1868.854111,29971,3
67.92003,26.54746,,67.92768,26.54746,1.185428152,0.463340585,1.185561669,0.463340585,0.850641191,3008.294324,0.528596527,1869.382707,29972,4
67.92768,26.5441,,67.92824,26.5441,1.185561669,0.463281942,1.185571443,0.463281942,0.062269234,3008.356593,0.038694694,1869.421402,29973,5
67.92824,26.54366,,67.92894,26.54366,1.185571443,0.463274263,1.18558366,0.463274263,0.077836408,3008.434429,0.048368284,1869.46977,29974,1
67.92894,26.54277,,67.9319,26.54277,1.18558366,0.463258729,1.185635322,0.463258729,0.329136981,3008.763566,0.204528851,1869.674299,29975,2
67.9319,26.53615,,0,26.53615,1.185635322,0.463143188,0,0.463143188,7553.682637,10562.4462,4693.93024,6563.604539,29976,3
